Crop Name,Soil Type,pH Level,Climate Condition,Recommended Fertilizer
Lentils,Chalky,5.0,Wet,"Urea, DAP"
Bitter Gourd,Loamy,5.3,Humid,"Compost, Urea"
Coconut,Peaty,8.2,Wet,"Potash, Gypsum"
Cashew,Loamy,4.6,Tropical,"NPK 20:20:20, Ammonium Sulfate"
Rice,Loamy,5.0,Humid,"Bio-Fertilizer, Bone Meal"
Pigeon Pea,Clayey,5.5,Moderate,"NPK 20:20:20, Urea"
Potato,Peaty,5.0,Temperate,"Urea, Bio-Fertilizer"
Lemon,Peaty,5.3,Arid,"Potash, Bio-Fertilizer"
Papaya,Loamy,5.1,Subtropical,"NPK 20:20:20, DAP"
Guava,Sandy,7.4,Moderate,"Compost, DAP"
Banana,Saline,4.8,Tropical,"Phosphorus-based Fertilizer, Cow Manure"
Sorghum,Sandy,4.8,Wet,"Cow Manure, MOP"
Spinach,Chalky,7.7,Moderate,"Organic Manure, Bio-Fertilizer"
Rice,Peaty,8.0,Moderate,"MOP, Potash"
Papaya,Loamy,7.3,Warm,"Bone Meal, MOP"
Mango,Peaty,4.9,Tropical,"MOP, Compost"
Banana,Silty,7.1,Dry,"SSP, Bone Meal"
Turmeric,Saline,6.8,Subtropical,"SSP, Compost"
Cucumber,Chalky,5.7,Humid,"Compost, NPK 20:20:20"
Potato,Chalky,8.3,Cool,"Ammonium Sulfate, Bone Meal"
Pineapple,Chalky,7.5,Subtropical,"Organic Manure, Ammonium Sulfate"
Coffee,Clayey,7.1,Subtropical,"Ammonium Sulfate, Potash"
Strawberry,Silty,8.0,Subtropical,"MOP, Potash"
Pineapple,Loamy,6.2,Temperate,"Potash, SSP"
Sunflower,Loamy,8.2,Warm,"Cow Manure, Bio-Fertilizer"
Peas,Loamy,5.0,Arid,"Gypsum, Urea"
Tomato,Silty,8.3,Subtropical,"Phosphorus-based Fertilizer, Ammonium Sulfate"
Rubber,Silty,7.1,Tropical,"SSP, Cow Manure"
Lychee,Chalky,5.7,Temperate,"Gypsum, Potash"
Oats,Chalky,4.6,Subtropical,"Cow Manure, NPK 20:20:20"
Soybean,Chalky,7.9,Wet,"SSP, Urea"
Ragi,Clayey,6.3,Humid,"Potash, NPK 20:20:20"
Bottle Gourd,Peaty,5.4,Dry,"SSP, Bone Meal"
Papaya,Loamy,5.0,Moderate,"Bio-Fertilizer, SSP"
Sugarcane,Silty,7.5,Humid,"Gypsum, Potash"
Cucumber,Chalky,4.9,Warm,"Ammonium Sulfate, Organic Manure"
Cashew,Chalky,7.5,Subtropical,"Urea, Bio-Fertilizer"
Muskmelon,Sandy,8.5,Cool,"Phosphorus-based Fertilizer, Urea"
Pomegranate,Silty,7.4,Subtropical,"Potash, Urea"
Cabbage,Chalky,5.6,Arid,"MOP, Bio-Fertilizer"
Ginger,Clayey,4.7,Temperate,"Bone Meal, Potash"
Watermelon,Loamy,5.5,Dry,"Bio-Fertilizer, SSP"
Banana,Saline,4.9,Subtropical,"Gypsum, Bio-Fertilizer"
Turmeric,Silty,5.7,Tropical,"Urea, Phosphorus-based Fertilizer"
Guava,Clayey,5.9,Dry,"Gypsum, Phosphorus-based Fertilizer"
Black Gram,Silty,7.4,Dry,"Ammonium Sulfate, Cow Manure"
Rubber,Sandy,8.5,Cool,"DAP, Gypsum"
Barley,Clayey,5.5,Wet,"NPK 20:20:20, SSP"
Groundnut,Sandy,6.1,Warm,"SSP, NPK 20:20:20"
Bottle Gourd,Loamy,7.1,Cool,"Ammonium Sulfate, Phosphorus-based Fertilizer"
Pomegranate,Peaty,7.6,Tropical,"Urea, Phosphorus-based Fertilizer"
Pumpkin,Sandy,7.4,Temperate,"Bio-Fertilizer, Ammonium Sulfate"
Onion,Chalky,7.7,Subtropical,"DAP, Cow Manure"
Garlic,Silty,6.1,Moderate,"Phosphorus-based Fertilizer, SSP"
Apple,Chalky,7.9,Moderate,"Cow Manure, Organic Manure"
Cashew,Sandy,7.6,Dry,"Ammonium Sulfate, Phosphorus-based Fertilizer"
Soybean,Silty,6.3,Wet,"Compost, Bone Meal"
Strawberry,Sandy,5.0,Tropical,"SSP, Bio-Fertilizer"
Lemon,Clayey,5.7,Subtropical,"Cow Manure, Organic Manure"
Sorghum,Chalky,6.9,Moderate,"MOP, Urea"
Bottle Gourd,Chalky,7.5,Cool,"Bone Meal, Urea"
Maize,Clayey,5.0,Warm,"Bio-Fertilizer, Bone Meal"
Onion,Clayey,7.3,Warm,"Bio-Fertilizer, Potash"
Millet,Chalky,7.9,Warm,"Bio-Fertilizer, Potash"
Barley,Chalky,5.4,Wet,"Ammonium Sulfate, Bio-Fertilizer"
Wheat,Clayey,7.1,Cool,"Ammonium Sulfate, Gypsum"
Bitter Gourd,Clayey,7.3,Wet,"Cow Manure, Gypsum"
Pigeon Pea,Chalky,6.0,Moderate,"NPK 20:20:20, Bone Meal"
Pineapple,Clayey,4.8,Tropical,"Bio-Fertilizer, Urea"
Pulses,Silty,5.4,Wet,"Organic Manure, Bone Meal"
Bottle Gourd,Loamy,8.5,Subtropical,"Ammonium Sulfate, Gypsum"
Lemon,Sandy,6.8,Moderate,"Compost, SSP"
Sugarcane,Peaty,8.2,Cool,"Urea, SSP"
Papaya,Chalky,5.5,Cool,"Bone Meal, Organic Manure"
Strawberry,Sandy,6.3,Warm,"Urea, Potash"
Lychee,Loamy,6.4,Temperate,"Gypsum, DAP"
Bottle Gourd,Clayey,6.7,Cool,"Gypsum, Organic Manure"
Pineapple,Peaty,5.3,Moderate,"Ammonium Sulfate, Compost"
Millet,Silty,6.7,Tropical,"MOP, Compost"
Tea,Saline,5.6,Wet,"Bone Meal, Potash"
Barley,Peaty,7.6,Arid,"Cow Manure, Bone Meal"
Soybean,Loamy,4.8,Moderate,"Cow Manure, MOP"
Cauliflower,Peaty,7.0,Arid,"MOP, DAP"
Chili,Clayey,7.3,Humid,"DAP, Bio-Fertilizer"
Garlic,Sandy,5.1,Cool,"Cow Manure, SSP"
Wheat,Sandy,7.9,Dry,"Bio-Fertilizer, Gypsum"
Rice,Saline,4.7,Cool,"Organic Manure, MOP"
Millet,Loamy,5.2,Warm,"NPK 20:20:20, Bio-Fertilizer"
Jute,Silty,5.7,Tropical,"MOP, Ammonium Sulfate"
Lychee,Loamy,8.0,Humid,"MOP, NPK 20:20:20"
Banana,Peaty,6.3,Dry,"Gypsum, Ammonium Sulfate"
Sunflower,Chalky,4.9,Cool,"Organic Manure, Gypsum"
Cauliflower,Chalky,7.7,Wet,"Bone Meal, DAP"
Chickpeas,Saline,7.6,Humid,"DAP, Organic Manure"
Orange,Peaty,7.2,Subtropical,"Potash, Ammonium Sulfate"
Wheat,Loamy,6.7,Wet,"SSP, Urea"
Tomato,Saline,5.2,Wet,"Potash, Ammonium Sulfate"
Bottle Gourd,Chalky,5.0,Cool,"Potash, NPK 20:20:20"
Tea,Silty,7.6,Subtropical,"Bio-Fertilizer, Compost"
Coconut,Sandy,7.8,Humid,"Organic Manure, Compost"
Garlic,Silty,6.9,Tropical,"MOP, Organic Manure"
Pineapple,Loamy,8.1,Dry,"Compost, SSP"
Onion,Loamy,5.0,Arid,"SSP, Gypsum"
Sugarcane,Sandy,8.1,Wet,"MOP, Bone Meal"
Bitter Gourd,Chalky,5.0,Humid,"NPK 20:20:20, Urea"
Cashew,Peaty,5.5,Subtropical,"SSP, Phosphorus-based Fertilizer"
Potato,Sandy,6.4,Wet,"Phosphorus-based Fertilizer, SSP"
Tea,Loamy,6.3,Tropical,"SSP, Bio-Fertilizer"
Coffee,Chalky,7.0,Humid,"SSP, Phosphorus-based Fertilizer"
Pomegranate,Clayey,8.4,Tropical,"MOP, Potash"
Garlic,Loamy,6.6,Tropical,"Bone Meal, Phosphorus-based Fertilizer"
Maize,Peaty,7.2,Humid,"SSP, Urea"
Sorghum,Saline,5.9,Humid,"Potash, Gypsum"
Brinjal,Silty,6.5,Dry,"DAP, Ammonium Sulfate"
Cucumber,Saline,8.4,Cool,"Ammonium Sulfate, NPK 20:20:20"
Spinach,Loamy,6.7,Subtropical,"SSP, Cow Manure"
Cotton,Saline,6.0,Wet,"Potash, MOP"
Watermelon,Silty,7.9,Cool,"MOP, Bio-Fertilizer"
Cashew,Silty,6.6,Moderate,"Gypsum, Organic Manure"
Potato,Clayey,4.6,Dry,"SSP, Phosphorus-based Fertilizer"
Garlic,Silty,5.7,Warm,"Cow Manure, DAP"
Sugarcane,Silty,6.8,Tropical,"Ammonium Sulfate, SSP"
Black Gram,Clayey,6.0,Arid,"NPK 20:20:20, Bio-Fertilizer"
Papaya,Sandy,8.2,Humid,"Potash, Phosphorus-based Fertilizer"
Strawberry,Loamy,8.1,Tropical,"DAP, Gypsum"
Millet,Silty,7.6,Moderate,"NPK 20:20:20, Cow Manure"
Coffee,Silty,5.5,Subtropical,"SSP, Compost"
Onion,Chalky,8.0,Cool,"NPK 20:20:20, Potash"
Sugarcane,Silty,5.8,Cool,"MOP, Ammonium Sulfate"
Tomato,Saline,5.3,Humid,"DAP, Bone Meal"
Jute,Sandy,8.4,Wet,"Bone Meal, Phosphorus-based Fertilizer"
Apple,Saline,7.3,Tropical,"Bone Meal, Phosphorus-based Fertilizer"
Cauliflower,Loamy,8.1,Tropical,"Bio-Fertilizer, Gypsum"
Bajra,Silty,6.2,Subtropical,"Ammonium Sulfate, Phosphorus-based Fertilizer"
Lemon,Clayey,6.0,Moderate,"Phosphorus-based Fertilizer, SSP"
Orange,Silty,7.3,Cool,"NPK 20:20:20, Potash"
Spinach,Peaty,6.1,Moderate,"NPK 20:20:20, Bio-Fertilizer"
Sugarcane,Chalky,5.9,Cool,"Bio-Fertilizer, Compost"
Sorghum,Saline,7.2,Temperate,"Organic Manure, Ammonium Sulfate"
Cotton,Saline,6.3,Arid,"Bio-Fertilizer, NPK 20:20:20"
Lychee,Saline,8.3,Arid,"Potash, Phosphorus-based Fertilizer"
Carrot,Clayey,8.3,Moderate,"Ammonium Sulfate, NPK 20:20:20"
Groundnut,Peaty,8.1,Temperate,"Bio-Fertilizer, Cow Manure"
Lemon,Silty,8.0,Dry,"Ammonium Sulfate, Bone Meal"
Spinach,Sandy,8.4,Subtropical,"Ammonium Sulfate, Gypsum"
Banana,Sandy,6.7,Dry,"Ammonium Sulfate, Organic Manure"
Ginger,Saline,8.0,Subtropical,"Organic Manure, Gypsum"
Cabbage,Loamy,5.1,Moderate,"SSP, Organic Manure"
Lentils,Clayey,4.7,Dry,"Cow Manure, NPK 20:20:20"
Bajra,Loamy,4.9,Tropical,"Compost, Phosphorus-based Fertilizer"
Oats,Silty,6.6,Dry,"Potash, Compost"
Coconut,Chalky,8.1,Humid,"Ammonium Sulfate, Organic Manure"
Sorghum,Loamy,6.1,Dry,"Organic Manure, SSP"
Cauliflower,Peaty,5.4,Moderate,"Gypsum, Cow Manure"
Tea,Chalky,6.0,Warm,"Potash, Urea"
Bajra,Peaty,5.1,Humid,"Urea, MOP"
Ragi,Clayey,7.9,Temperate,"Phosphorus-based Fertilizer, SSP"
Bajra,Silty,7.0,Subtropical,"MOP, Urea"
Sunflower,Loamy,7.1,Humid,"MOP, SSP"
Bitter Gourd,Loamy,6.6,Moderate,"Bio-Fertilizer, Gypsum"
Spinach,Saline,7.5,Moderate,"Cow Manure, Compost"
Lemon,Sandy,6.9,Humid,"Organic Manure, NPK 20:20:20"
Groundnut,Saline,4.8,Tropical,"Ammonium Sulfate, DAP"
Pumpkin,Silty,6.5,Arid,"MOP, Bone Meal"
Chickpeas,Saline,8.4,Humid,"Organic Manure, Phosphorus-based Fertilizer"
Papaya,Sandy,8.4,Moderate,"MOP, Phosphorus-based Fertilizer"
Guava,Sandy,7.3,Moderate,"SSP, Compost"
Carrot,Clayey,6.1,Tropical,"Compost, Gypsum"
Lemon,Sandy,6.1,Dry,"Ammonium Sulfate, NPK 20:20:20"
Pomegranate,Chalky,8.4,Tropical,"DAP, Organic Manure"
Pomegranate,Saline,5.4,Temperate,"Urea, DAP"
Onion,Clayey,7.5,Tropical,"Compost, Potash"
Mango,Peaty,8.2,Subtropical,"Bio-Fertilizer, SSP"
Ginger,Saline,7.6,Subtropical,"Cow Manure, NPK 20:20:20"
Sorghum,Silty,8.1,Warm,"Potash, Cow Manure"
Cauliflower,Loamy,7.3,Warm,"SSP, DAP"
Onion,Clayey,7.9,Dry,"NPK 20:20:20, MOP"
Pumpkin,Chalky,7.3,Wet,"Cow Manure, DAP"
Spinach,Clayey,7.7,Moderate,"Bone Meal, Gypsum"
Pineapple,Clayey,5.8,Arid,"Cow Manure, Gypsum"
Coffee,Silty,7.9,Subtropical,"Potash, Urea"
Wheat,Saline,5.2,Temperate,"Bone Meal, Ammonium Sulfate"
Ginger,Silty,5.2,Dry,"Ammonium Sulfate, Bone Meal"
Bitter Gourd,Loamy,7.3,Moderate,"NPK 20:20:20, DAP"
Sugarcane,Sandy,6.8,Humid,"MOP, Bio-Fertilizer"
Groundnut,Silty,7.4,Temperate,"DAP, Cow Manure"
Grapes,Loamy,7.3,Tropical,"Bio-Fertilizer, DAP"
Tobacco,Chalky,6.3,Arid,"Compost, DAP"
Papaya,Clayey,8.5,Cool,"Urea, Cow Manure"
Potato,Peaty,5.9,Tropical,"Potash, Cow Manure"
Lychee,Peaty,8.0,Humid,"Potash, SSP"
Tobacco,Clayey,6.7,Wet,"Potash, Bio-Fertilizer"
Barley,Saline,6.0,Wet,"Potash, DAP"
Banana,Clayey,8.4,Temperate,"MOP, Potash"
Lemon,Silty,8.4,Subtropical,"DAP, Gypsum"
Cauliflower,Saline,6.3,Warm,"MOP, Bio-Fertilizer"
Lentils,Silty,4.9,Temperate,"Compost, Cow Manure"
Cucumber,Peaty,6.9,Dry,"Organic Manure, Potash"
Strawberry,Clayey,7.8,Cool,"Bone Meal, Phosphorus-based Fertilizer"
Bitter Gourd,Clayey,5.6,Wet,"Gypsum, Compost"
Carrot,Sandy,7.7,Humid,"Phosphorus-based Fertilizer, NPK 20:20:20"
Orange,Sandy,8.4,Warm,"MOP, Cow Manure"
Soybean,Peaty,5.6,Dry,"Ammonium Sulfate, Cow Manure"
Cabbage,Sandy,4.8,Warm,"Gypsum, Bio-Fertilizer"
Green Gram,Loamy,8.1,Moderate,"Ammonium Sulfate, Bone Meal"
Oats,Loamy,4.5,Subtropical,"Compost, Ammonium Sulfate"
Pomegranate,Clayey,4.9,Dry,"Compost, MOP"
Coffee,Peaty,5.6,Arid,"Potash, Bone Meal"
Grapes,Clayey,7.1,Cool,"Bio-Fertilizer, Organic Manure"
Apple,Loamy,6.1,Cool,"DAP, Potash"
Mustard,Sandy,8.3,Warm,"Organic Manure, Urea"
Millet,Silty,7.1,Subtropical,"NPK 20:20:20, Bone Meal"
Groundnut,Saline,5.2,Warm,"Bio-Fertilizer, Cow Manure"
Coffee,Loamy,7.9,Cool,"Urea, Compost"
Green Gram,Chalky,6.5,Warm,"DAP, Bone Meal"
Pumpkin,Clayey,6.7,Humid,"Compost, Bio-Fertilizer"
Papaya,Clayey,4.8,Subtropical,"MOP, Ammonium Sulfate"
Lemon,Silty,7.8,Warm,"Phosphorus-based Fertilizer, Ammonium Sulfate"
Cucumber,Loamy,8.5,Humid,"Organic Manure, Compost"
Watermelon,Loamy,5.8,Temperate,"SSP, Phosphorus-based Fertilizer"
Grapes,Sandy,5.8,Cool,"DAP, Cow Manure"
Coffee,Loamy,5.8,Arid,"Urea, MOP"
Grapes,Loamy,5.6,Humid,"Bone Meal, Bio-Fertilizer"
Sorghum,Clayey,7.8,Temperate,"Potash, DAP"
Watermelon,Silty,7.7,Dry,"Urea, DAP"
Sorghum,Silty,6.9,Tropical,"MOP, Organic Manure"
Tea,Chalky,7.2,Tropical,"Potash, SSP"
Potato,Sandy,6.0,Cool,"Bio-Fertilizer, Organic Manure"
Chili,Silty,5.7,Warm,"Potash, Compost"
Potato,Sandy,7.7,Moderate,"DAP, Compost"
Maize,Peaty,5.0,Wet,"Compost, Urea"
Oats,Chalky,5.4,Wet,"Potash, Bio-Fertilizer"
Banana,Sandy,7.8,Temperate,"Bio-Fertilizer, Phosphorus-based Fertilizer"
Cotton,Saline,6.8,Warm,"Ammonium Sulfate, Phosphorus-based Fertilizer"
Bitter Gourd,Chalky,4.7,Arid,"Bio-Fertilizer, Phosphorus-based Fertilizer"
Mustard,Sandy,7.4,Temperate,"SSP, MOP"
Green Gram,Peaty,6.3,Tropical,"Gypsum, Cow Manure"
Cauliflower,Silty,5.6,Subtropical,"Organic Manure, Gypsum"
Pigeon Pea,Sandy,7.8,Tropical,"Phosphorus-based Fertilizer, Compost"
Papaya,Sandy,7.3,Cool,"NPK 20:20:20, SSP"
Spinach,Saline,6.4,Moderate,"Bone Meal, Bio-Fertilizer"
Rice,Chalky,4.7,Cool,"Bio-Fertilizer, Compost"
Groundnut,Chalky,5.0,Dry,"Potash, Bone Meal"
Sunflower,Peaty,5.6,Warm,"Phosphorus-based Fertilizer, MOP"
Ragi,Chalky,6.8,Tropical,"Cow Manure, NPK 20:20:20"
Pumpkin,Loamy,5.8,Arid,"Phosphorus-based Fertilizer, MOP"
Bitter Gourd,Loamy,6.2,Subtropical,"Urea, Potash"
Ragi,Chalky,6.0,Dry,"MOP, Potash"
Orange,Chalky,5.6,Tropical,"NPK 20:20:20, Bone Meal"
Pulses,Sandy,7.3,Wet,"Potash, Cow Manure"
Lentils,Silty,7.1,Tropical,"Compost, Urea"
Pomegranate,Chalky,6.2,Subtropical,"NPK 20:20:20, MOP"
Tomato,Sandy,6.2,Wet,"Potash, Bone Meal"
Potato,Loamy,6.0,Wet,"SSP, Bone Meal"
Apple,Loamy,6.9,Dry,"Compost, Cow Manure"
Chili,Saline,5.8,Subtropical,"Bone Meal, SSP"
Banana,Peaty,7.7,Dry,"Urea, Potash"
Pulses,Saline,6.4,Temperate,"Phosphorus-based Fertilizer, Bone Meal"
Pulses,Loamy,6.5,Humid,"Potash, MOP"
Cabbage,Silty,5.2,Dry,"Cow Manure, SSP"
Banana,Chalky,5.4,Tropical,"Ammonium Sulfate, Bio-Fertilizer"
Cabbage,Clayey,7.4,Dry,"Gypsum, Bio-Fertilizer"
Papaya,Chalky,6.2,Subtropical,"Compost, MOP"
Pulses,Silty,5.1,Tropical,"DAP, Bio-Fertilizer"
Lychee,Loamy,5.0,Tropical,"Gypsum, Bio-Fertilizer"
Grapes,Chalky,6.9,Tropical,"Cow Manure, Ammonium Sulfate"
Onion,Clayey,7.7,Wet,"Ammonium Sulfate, NPK 20:20:20"
Chili,Peaty,7.3,Tropical,"NPK 20:20:20, Ammonium Sulfate"
Cabbage,Clayey,6.5,Cool,"SSP, Potash"
Ragi,Loamy,5.7,Dry,"Bio-Fertilizer, Bone Meal"
Sorghum,Silty,8.2,Dry,"Ammonium Sulfate, Bio-Fertilizer"
Cotton,Saline,4.7,Temperate,"Compost, NPK 20:20:20"
Barley,Sandy,4.6,Arid,"Ammonium Sulfate, NPK 20:20:20"
Rice,Clayey,5.8,Moderate,"Cow Manure, Compost"
Cotton,Sandy,6.9,Arid,"Urea, Gypsum"
Cashew,Chalky,7.9,Cool,"Bio-Fertilizer, Potash"
Wheat,Silty,4.9,Humid,"DAP, Bio-Fertilizer"
Lemon,Silty,6.6,Moderate,"Bio-Fertilizer, NPK 20:20:20"
Watermelon,Sandy,4.8,Warm,"Ammonium Sulfate, Bone Meal"
Barley,Sandy,6.6,Warm,"Cow Manure, SSP"
Peas,Loamy,5.2,Humid,"Urea, MOP"
Orange,Peaty,7.5,Wet,"Gypsum, Urea"
Mustard,Chalky,8.5,Humid,"Organic Manure, Phosphorus-based Fertilizer"
Lentils,Peaty,4.7,Temperate,"DAP, Organic Manure"
Millet,Clayey,5.7,Wet,"DAP, Ammonium Sulfate"
Cashew,Sandy,7.2,Cool,"Bio-Fertilizer, Cow Manure"
Coconut,Peaty,7.5,Humid,"Bone Meal, DAP"
Cotton,Silty,5.8,Moderate,"Gypsum, SSP"
Potato,Chalky,8.2,Dry,"MOP, Phosphorus-based Fertilizer"
Chili,Clayey,5.9,Subtropical,"Bio-Fertilizer, DAP"
Chili,Saline,6.5,Temperate,"Phosphorus-based Fertilizer, Cow Manure"
Onion,Silty,5.5,Subtropical,"MOP, Cow Manure"
Coconut,Peaty,7.5,Temperate,"Compost, MOP"
Strawberry,Sandy,5.8,Moderate,"DAP, Organic Manure"
Black Gram,Silty,6.7,Arid,"Phosphorus-based Fertilizer, SSP"
Garlic,Chalky,4.7,Tropical,"Bio-Fertilizer, MOP"
Mango,Silty,7.7,Moderate,"Organic Manure, Bone Meal"
Pigeon Pea,Silty,5.6,Warm,"Potash, Ammonium Sulfate"
Pulses,Loamy,4.7,Wet,"Gypsum, Potash"
Lemon,Clayey,5.2,Wet,"NPK 20:20:20, Bio-Fertilizer"
Wheat,Clayey,7.2,Warm,"Phosphorus-based Fertilizer, Organic Manure"
Rice,Loamy,4.7,Warm,"Compost, Organic Manure"
Guava,Silty,6.6,Warm,"Potash, Compost"
Ginger,Saline,6.7,Wet,"Urea, SSP"
Barley,Peaty,7.5,Tropical,"Gypsum, DAP"
Banana,Chalky,5.8,Wet,"Compost, Bone Meal"
Ragi,Peaty,6.4,Tropical,"Compost, Phosphorus-based Fertilizer"
Muskmelon,Saline,8.5,Warm,"Ammonium Sulfate, Compost"
Jute,Sandy,6.1,Cool,"Cow Manure, Potash"
Potato,Sandy,5.8,Subtropical,"DAP, Potash"
Lentils,Loamy,6.6,Wet,"DAP, Organic Manure"
Cabbage,Silty,7.0,Moderate,"NPK 20:20:20, Phosphorus-based Fertilizer"
Millet,Clayey,8.4,Warm,"Bio-Fertilizer, DAP"
Apple,Loamy,8.4,Warm,"Urea, Gypsum"
Spinach,Saline,4.7,Tropical,"NPK 20:20:20, Potash"
Sorghum,Peaty,6.8,Warm,"Urea, Bio-Fertilizer"
Maize,Clayey,7.8,Wet,"SSP, DAP"
Carrot,Loamy,5.5,Arid,"DAP, Bone Meal"
Bitter Gourd,Saline,8.2,Temperate,"MOP, DAP"
Coconut,Peaty,4.5,Subtropical,"MOP, NPK 20:20:20"
Watermelon,Chalky,4.6,Subtropical,"Bone Meal, MOP"
Onion,Loamy,7.5,Subtropical,"Potash, MOP"
Garlic,Chalky,7.1,Humid,"Urea, Bio-Fertilizer"
Pomegranate,Chalky,6.3,Arid,"DAP, Urea"
Papaya,Chalky,6.3,Humid,"Phosphorus-based Fertilizer, Cow Manure"
Onion,Chalky,7.4,Tropical,"Potash, Phosphorus-based Fertilizer"
Cashew,Chalky,5.0,Tropical,"Ammonium Sulfate, DAP"
Bitter Gourd,Saline,6.9,Dry,"Phosphorus-based Fertilizer, MOP"
Watermelon,Chalky,7.3,Humid,"SSP, Ammonium Sulfate"
Barley,Peaty,6.6,Subtropical,"Compost, Cow Manure"
Ragi,Silty,6.1,Moderate,"Phosphorus-based Fertilizer, Bio-Fertilizer"
Groundnut,Loamy,6.2,Warm,"Potash, Cow Manure"
Pigeon Pea,Clayey,6.1,Subtropical,"SSP, Phosphorus-based Fertilizer"
Chili,Saline,6.5,Warm,"Compost, Bone Meal"
Watermelon,Saline,5.6,Tropical,"NPK 20:20:20, DAP"
Sugarcane,Peaty,6.0,Tropical,"Bone Meal, NPK 20:20:20"
Green Gram,Loamy,6.6,Subtropical,"Ammonium Sulfate, SSP"
Sorghum,Silty,7.2,Arid,"Compost, NPK 20:20:20"
Spinach,Chalky,6.6,Dry,"DAP, Potash"
Coffee,Chalky,6.2,Warm,"Potash, Phosphorus-based Fertilizer"
Oats,Clayey,7.8,Dry,"Urea, Phosphorus-based Fertilizer"
Pigeon Pea,Clayey,6.1,Wet,"Potash, DAP"
Pomegranate,Saline,4.9,Wet,"MOP, Phosphorus-based Fertilizer"
Cauliflower,Peaty,6.7,Moderate,"NPK 20:20:20, Organic Manure"
Tobacco,Silty,5.2,Humid,"Potash, Ammonium Sulfate"
Cotton,Silty,5.3,Cool,"Bio-Fertilizer, Urea"
Coffee,Peaty,6.9,Moderate,"Phosphorus-based Fertilizer, Bone Meal"
Bajra,Chalky,7.0,Dry,"Compost, Urea"
Sunflower,Loamy,5.3,Dry,"Compost, Ammonium Sulfate"
Orange,Loamy,5.1,Tropical,"Potash, Bio-Fertilizer"
Banana,Sandy,5.2,Temperate,"SSP, Compost"
Potato,Silty,4.9,Arid,"Organic Manure, SSP"
Orange,Clayey,8.4,Dry,"Cow Manure, Organic Manure"
Tobacco,Peaty,5.7,Humid,"Phosphorus-based Fertilizer, Gypsum"
Mango,Loamy,7.3,Wet,"Cow Manure, Organic Manure"
Rubber,Chalky,5.2,Arid,"Ammonium Sulfate, Organic Manure"
Brinjal,Saline,5.1,Cool,"Phosphorus-based Fertilizer, Compost"
Watermelon,Loamy,5.6,Tropical,"Phosphorus-based Fertilizer, Cow Manure"
Coconut,Clayey,7.1,Humid,"DAP, Cow Manure"
Potato,Chalky,7.3,Cool,"Compost, Phosphorus-based Fertilizer"
Grapes,Silty,8.5,Arid,"NPK 20:20:20, Organic Manure"
Carrot,Saline,5.5,Subtropical,"Bio-Fertilizer, Organic Manure"
Garlic,Silty,4.9,Tropical,"SSP, Bio-Fertilizer"
Carrot,Sandy,6.7,Dry,"NPK 20:20:20, Cow Manure"
Tomato,Saline,6.9,Subtropical,"Gypsum, Urea"
Cotton,Chalky,8.1,Wet,"MOP, DAP"
Black Gram,Sandy,7.1,Subtropical,"Compost, Bio-Fertilizer"
Peas,Silty,6.4,Temperate,"DAP, Ammonium Sulfate"
Tobacco,Silty,5.3,Humid,"Cow Manure, Ammonium Sulfate"
Lemon,Peaty,7.0,Tropical,"Compost, Bone Meal"
Barley,Saline,6.4,Wet,"Phosphorus-based Fertilizer, Urea"
Lemon,Silty,4.8,Warm,"MOP, Compost"
Sorghum,Silty,8.3,Moderate,"Ammonium Sulfate, SSP"
Wheat,Clayey,7.2,Humid,"Cow Manure, Bio-Fertilizer"
Apple,Sandy,5.9,Tropical,"Ammonium Sulfate, DAP"
Wheat,Chalky,5.0,Temperate,"Phosphorus-based Fertilizer, Urea"
Potato,Clayey,7.3,Tropical,"Bio-Fertilizer, Cow Manure"
Papaya,Loamy,7.1,Cool,"Organic Manure, Bone Meal"
Tea,Peaty,5.3,Humid,"Phosphorus-based Fertilizer, SSP"
Lentils,Sandy,6.5,Arid,"NPK 20:20:20, Organic Manure"
Tea,Saline,5.1,Moderate,"DAP, Phosphorus-based Fertilizer"
Sorghum,Chalky,6.1,Subtropical,"Urea, Cow Manure"
Pulses,Peaty,6.9,Wet,"Potash, NPK 20:20:20"
Sorghum,Saline,5.5,Tropical,"Compost, Ammonium Sulfate"
Muskmelon,Sandy,8.2,Temperate,"SSP, Bio-Fertilizer"
Sorghum,Peaty,6.3,Cool,"MOP, Cow Manure"
Tomato,Chalky,5.1,Tropical,"Bone Meal, Phosphorus-based Fertilizer"
Pumpkin,Sandy,6.0,Moderate,"MOP, Cow Manure"
Mustard,Clayey,6.6,Wet,"Ammonium Sulfate, Phosphorus-based Fertilizer"
Bajra,Chalky,4.9,Cool,"Urea, SSP"
Rice,Sandy,6.5,Wet,"Ammonium Sulfate, Cow Manure"
Tomato,Saline,7.9,Warm,"MOP, Cow Manure"
Ragi,Loamy,8.4,Arid,"Compost, MOP"
Soybean,Saline,5.8,Subtropical,"NPK 20:20:20, Organic Manure"
Watermelon,Clayey,6.2,Dry,"Potash, Urea"
Lychee,Sandy,8.0,Humid,"Gypsum, Bone Meal"
Bottle Gourd,Loamy,7.3,Arid,"Phosphorus-based Fertilizer, Organic Manure"
Tea,Sandy,7.4,Wet,"Bone Meal, MOP"
Onion,Saline,4.9,Dry,"SSP, Bone Meal"
Soybean,Peaty,5.4,Temperate,"Bone Meal, Ammonium Sulfate"
Cabbage,Loamy,5.7,Tropical,"NPK 20:20:20, Gypsum"
Tomato,Clayey,6.0,Wet,"Phosphorus-based Fertilizer, Bone Meal"
Cabbage,Sandy,8.0,Arid,"SSP, Compost"
Onion,Chalky,6.7,Warm,"Ammonium Sulfate, SSP"
Coffee,Loamy,5.7,Tropical,"Compost, Urea"
Pumpkin,Saline,6.7,Subtropical,"Organic Manure, DAP"
Barley,Clayey,4.6,Tropical,"Ammonium Sulfate, Cow Manure"
Papaya,Clayey,6.3,Wet,"Cow Manure, DAP"
Pumpkin,Chalky,6.4,Subtropical,"Compost, Cow Manure"
Groundnut,Peaty,8.3,Humid,"Bio-Fertilizer, Compost"
Coffee,Peaty,4.5,Cool,"Urea, MOP"
Brinjal,Loamy,7.2,Arid,"Bio-Fertilizer, MOP"
Grapes,Silty,7.5,Arid,"Ammonium Sulfate, Bone Meal"
Pulses,Saline,4.6,Cool,"DAP, Ammonium Sulfate"
Bajra,Chalky,6.6,Humid,"Gypsum, SSP"
Rubber,Silty,4.7,Moderate,"NPK 20:20:20, Urea"
Garlic,Saline,6.8,Dry,"Urea, Potash"
Cotton,Peaty,5.8,Wet,"Urea, Potash"
Ragi,Peaty,7.2,Temperate,"NPK 20:20:20, Cow Manure"
Black Gram,Chalky,5.7,Temperate,"Gypsum, Bone Meal"
Cotton,Silty,7.9,Cool,"Phosphorus-based Fertilizer, Gypsum"
Rubber,Peaty,5.2,Subtropical,"Urea, Compost"
Chickpeas,Saline,4.9,Dry,"MOP, Potash"
Lentils,Clayey,8.2,Tropical,"Ammonium Sulfate, Bone Meal"
Maize,Saline,6.0,Wet,"Bio-Fertilizer, Urea"
Sorghum,Clayey,4.7,Humid,"NPK 20:20:20, Organic Manure"
Brinjal,Sandy,6.7,Wet,"Potash, Cow Manure"
Green Gram,Clayey,7.7,Moderate,"Organic Manure, Potash"
Coffee,Chalky,4.8,Arid,"MOP, Compost"
Grapes,Chalky,4.9,Dry,"Bone Meal, Potash"
Tobacco,Chalky,6.6,Arid,"Compost, Gypsum"
Sorghum,Loamy,7.2,Dry,"Potash, Urea"
Barley,Loamy,5.6,Warm,"SSP, Gypsum"
Spinach,Clayey,7.8,Subtropical,"Compost, Gypsum"
Potato,Peaty,8.5,Tropical,"SSP, Phosphorus-based Fertilizer"
Papaya,Clayey,5.4,Arid,"MOP, Potash"
Tobacco,Loamy,7.3,Moderate,"Cow Manure, Potash"
Sugarcane,Chalky,6.2,Moderate,"SSP, Bone Meal"
Ragi,Peaty,6.8,Cool,"Gypsum, Urea"
Rice,Clayey,6.8,Arid,"Bio-Fertilizer, MOP"
Cotton,Peaty,5.0,Moderate,"Potash, Bio-Fertilizer"
Sorghum,Loamy,7.5,Cool,"SSP, Organic Manure"
Cauliflower,Chalky,7.3,Tropical,"Phosphorus-based Fertilizer, Bio-Fertilizer"
Garlic,Silty,8.5,Cool,"Gypsum, SSP"
Pomegranate,Chalky,4.6,Tropical,"Bio-Fertilizer, MOP"
Maize,Saline,8.5,Humid,"Organic Manure, Compost"
Cabbage,Loamy,8.3,Moderate,"SSP, Organic Manure"
Turmeric,Chalky,6.2,Moderate,"Urea, DAP"
Garlic,Silty,8.3,Wet,"MOP, Gypsum"
Barley,Clayey,8.4,Wet,"Compost, Cow Manure"
Green Gram,Loamy,8.3,Temperate,"Compost, DAP"
Mango,Clayey,8.2,Tropical,"Potash, Gypsum"
Ragi,Chalky,6.7,Warm,"Bio-Fertilizer, SSP"
Coconut,Loamy,6.1,Temperate,"Phosphorus-based Fertilizer, Organic Manure"
Bottle Gourd,Loamy,7.3,Humid,"Phosphorus-based Fertilizer, NPK 20:20:20"
Cauliflower,Sandy,7.2,Temperate,"Bone Meal, MOP"
Lychee,Chalky,4.6,Tropical,"Bio-Fertilizer, DAP"
Green Gram,Chalky,6.9,Temperate,"Compost, Bio-Fertilizer"
Rubber,Loamy,7.4,Moderate,"Compost, Phosphorus-based Fertilizer"
Cucumber,Loamy,5.9,Subtropical,"Ammonium Sulfate, NPK 20:20:20"
Watermelon,Saline,7.5,Warm,"Bone Meal, DAP"
Ginger,Loamy,8.1,Warm,"Phosphorus-based Fertilizer, Organic Manure"
Banana,Saline,4.9,Cool,"Compost, Urea"
Grapes,Loamy,5.1,Arid,"NPK 20:20:20, Gypsum"
Cotton,Peaty,7.4,Wet,"Cow Manure, Bio-Fertilizer"
Strawberry,Saline,7.2,Moderate,"DAP, Compost"
Cotton,Saline,5.8,Moderate,"Bio-Fertilizer, Urea"
Pigeon Pea,Peaty,5.0,Wet,"Bio-Fertilizer, Organic Manure"
Rice,Saline,5.2,Dry,"Potash, Organic Manure"
Bottle Gourd,Saline,5.1,Wet,"Bone Meal, NPK 20:20:20"
Watermelon,Loamy,7.6,Humid,"Potash, Urea"
Millet,Peaty,5.9,Cool,"Bio-Fertilizer, Organic Manure"
Tea,Clayey,6.5,Warm,"Bone Meal, MOP"
Sunflower,Chalky,5.8,Subtropical,"Phosphorus-based Fertilizer, Organic Manure"
Garlic,Sandy,6.5,Subtropical,"Compost, Bone Meal"
Bajra,Sandy,5.2,Wet,"Cow Manure, Compost"
Banana,Peaty,7.1,Warm,"Urea, Potash"
Green Gram,Chalky,4.7,Dry,"Compost, Bone Meal"
Turmeric,Clayey,7.2,Subtropical,"Compost, NPK 20:20:20"
Ginger,Clayey,7.5,Humid,"Gypsum, Organic Manure"
Guava,Silty,5.5,Dry,"Ammonium Sulfate, SSP"
Muskmelon,Peaty,7.3,Wet,"Bone Meal, Ammonium Sulfate"
Barley,Clayey,6.4,Moderate,"Phosphorus-based Fertilizer, Ammonium Sulfate"
Black Gram,Saline,6.1,Cool,"Potash, Phosphorus-based Fertilizer"
Soybean,Chalky,5.4,Subtropical,"SSP, Bio-Fertilizer"
Sugarcane,Peaty,7.1,Subtropical,"Cow Manure, Phosphorus-based Fertilizer"
Strawberry,Silty,4.5,Dry,"Urea, Potash"
Pomegranate,Saline,5.2,Wet,"Cow Manure, Potash"
Coffee,Clayey,7.8,Dry,"Organic Manure, Compost"
Black Gram,Peaty,6.5,Humid,"Potash, Bone Meal"
Ragi,Silty,6.8,Subtropical,"Phosphorus-based Fertilizer, Urea"
Tea,Clayey,6.7,Wet,"Cow Manure, Potash"
Sorghum,Saline,8.4,Dry,"Urea, SSP"
Lychee,Saline,8.0,Tropical,"Bio-Fertilizer, Potash"
Peas,Loamy,4.8,Dry,"Potash, Bone Meal"
Cotton,Chalky,5.8,Dry,"MOP, Bio-Fertilizer"
Coconut,Sandy,5.4,Wet,"Compost, Cow Manure"
Grapes,Silty,7.9,Arid,"Potash, Compost"
Pulses,Loamy,5.8,Moderate,"Bio-Fertilizer, Bone Meal"
Pulses,Clayey,7.9,Wet,"Organic Manure, DAP"
Soybean,Sandy,6.8,Humid,"DAP, Potash"
Barley,Clayey,5.8,Warm,"DAP, Gypsum"
Sorghum,Chalky,7.1,Warm,"NPK 20:20:20, Urea"
Turmeric,Saline,7.6,Wet,"Bio-Fertilizer, Organic Manure"
Potato,Loamy,6.4,Arid,"Ammonium Sulfate, Organic Manure"
Tomato,Saline,8.4,Temperate,"DAP, Cow Manure"
Banana,Loamy,4.9,Humid,"Potash, NPK 20:20:20"
Lentils,Loamy,7.6,Warm,"NPK 20:20:20, Ammonium Sulfate"
Tea,Loamy,6.4,Subtropical,"Bone Meal, SSP"
Barley,Clayey,5.8,Arid,"NPK 20:20:20, Phosphorus-based Fertilizer"
Rice,Silty,8.0,Arid,"Potash, MOP"
Black Gram,Peaty,4.7,Dry,"Gypsum, Cow Manure"
Chickpeas,Clayey,6.3,Cool,"Gypsum, DAP"
Strawberry,Peaty,7.3,Moderate,"Bio-Fertilizer, Compost"
Grapes,Sandy,5.4,Temperate,"Bio-Fertilizer, Ammonium Sulfate"
Orange,Peaty,5.3,Temperate,"Organic Manure, Urea"
Barley,Silty,7.5,Temperate,"SSP, Bone Meal"
Black Gram,Chalky,6.1,Temperate,"Bone Meal, Urea"
Bottle Gourd,Chalky,7.8,Tropical,"Gypsum, Bone Meal"
Black Gram,Loamy,6.3,Humid,"Bone Meal, Organic Manure"
Mustard,Loamy,7.9,Moderate,"MOP, Cow Manure"
Chili,Saline,6.1,Temperate,"SSP, Bone Meal"
Turmeric,Loamy,7.7,Wet,"SSP, Ammonium Sulfate"
Tobacco,Sandy,5.5,Humid,"Compost, MOP"
Soybean,Silty,8.1,Temperate,"Gypsum, Cow Manure"
Coffee,Saline,8.5,Cool,"Urea, Bio-Fertilizer"
Pumpkin,Saline,5.0,Arid,"Organic Manure, Bio-Fertilizer"
Pumpkin,Sandy,5.3,Moderate,"DAP, Bone Meal"
Oats,Silty,5.5,Subtropical,"SSP, NPK 20:20:20"
Green Gram,Clayey,5.5,Dry,"SSP, DAP"
Muskmelon,Sandy,8.0,Tropical,"SSP, Gypsum"
Tobacco,Loamy,6.5,Subtropical,"Cow Manure, Organic Manure"
Bajra,Chalky,6.0,Subtropical,"Phosphorus-based Fertilizer, NPK 20:20:20"
Potato,Sandy,5.4,Temperate,"NPK 20:20:20, Organic Manure"
Rubber,Peaty,6.8,Moderate,"Potash, Ammonium Sulfate"
Barley,Peaty,6.6,Tropical,"DAP, Bio-Fertilizer"
Lentils,Loamy,6.5,Tropical,"DAP, SSP"
Pigeon Pea,Loamy,5.2,Wet,"DAP, Bio-Fertilizer"
Soybean,Peaty,4.7,Tropical,"SSP, Organic Manure"
Turmeric,Chalky,7.4,Moderate,"Organic Manure, Ammonium Sulfate"
Rice,Chalky,5.8,Tropical,"Bio-Fertilizer, Organic Manure"
Potato,Chalky,4.8,Dry,"Organic Manure, DAP"
Maize,Loamy,8.2,Humid,"Phosphorus-based Fertilizer, Organic Manure"
Oats,Clayey,6.7,Dry,"SSP, DAP"
Rubber,Chalky,7.4,Moderate,"NPK 20:20:20, Urea"
Watermelon,Saline,7.1,Subtropical,"Phosphorus-based Fertilizer, Organic Manure"
Guava,Sandy,8.2,Arid,"Phosphorus-based Fertilizer, DAP"
Bitter Gourd,Silty,5.9,Subtropical,"SSP, Cow Manure"
Maize,Loamy,5.1,Wet,"NPK 20:20:20, Compost"
Bottle Gourd,Clayey,4.6,Warm,"Ammonium Sulfate, Gypsum"
Chili,Silty,8.0,Humid,"Compost, Organic Manure"
Tomato,Peaty,7.3,Wet,"Urea, DAP"
Tomato,Loamy,4.7,Cool,"Organic Manure, Gypsum"
Cucumber,Clayey,7.2,Subtropical,"Gypsum, Compost"
Pigeon Pea,Loamy,5.3,Humid,"Ammonium Sulfate, Potash"
Millet,Silty,6.9,Tropical,"DAP, Bio-Fertilizer"
Cabbage,Peaty,4.5,Temperate,"Potash, Cow Manure"
Apple,Clayey,6.9,Wet,"Cow Manure, Ammonium Sulfate"
Wheat,Silty,5.2,Warm,"Potash, Bone Meal"
Sugarcane,Saline,7.3,Subtropical,"Organic Manure, Bio-Fertilizer"
Sugarcane,Silty,7.2,Tropical,"Bone Meal, Ammonium Sulfate"
Brinjal,Silty,7.6,Moderate,"Compost, Organic Manure"
Mango,Silty,7.9,Cool,"DAP, Bone Meal"
Cashew,Chalky,5.6,Tropical,"DAP, Cow Manure"
Bajra,Clayey,6.8,Temperate,"SSP, MOP"
Strawberry,Peaty,6.6,Dry,"Bone Meal, SSP"
Potato,Loamy,7.0,Wet,"Bio-Fertilizer, Urea"
Onion,Chalky,7.5,Warm,"Bio-Fertilizer, Cow Manure"
Cucumber,Sandy,6.4,Temperate,"Phosphorus-based Fertilizer, MOP"
Jute,Saline,7.5,Tropical,"Cow Manure, DAP"
Chickpeas,Clayey,5.7,Arid,"Potash, Bio-Fertilizer"
Watermelon,Loamy,4.6,Dry,"Potash, NPK 20:20:20"
Brinjal,Chalky,5.2,Tropical,"Gypsum, Compost"
Millet,Sandy,7.3,Subtropical,"Potash, Phosphorus-based Fertilizer"
Lychee,Silty,7.3,Humid,"Urea, MOP"
Green Gram,Clayey,8.3,Dry,"Potash, Cow Manure"
Guava,Chalky,8.2,Wet,"Bio-Fertilizer, Cow Manure"
Watermelon,Peaty,4.6,Warm,"SSP, Organic Manure"
Onion,Silty,5.3,Humid,"DAP, Phosphorus-based Fertilizer"
Bottle Gourd,Clayey,8.3,Temperate,"Gypsum, NPK 20:20:20"
Pomegranate,Clayey,7.1,Tropical,"MOP, Bio-Fertilizer"
Cabbage,Saline,4.6,Cool,"NPK 20:20:20, Phosphorus-based Fertilizer"
Cucumber,Clayey,6.4,Subtropical,"Urea, Compost"
Millet,Clayey,6.5,Arid,"Gypsum, SSP"
Turmeric,Peaty,7.0,Warm,"Gypsum, NPK 20:20:20"
Garlic,Clayey,7.9,Arid,"Bone Meal, Gypsum"
Black Gram,Clayey,5.8,Wet,"Bone Meal, Potash"
Peas,Loamy,8.2,Dry,"Potash, Cow Manure"
Coffee,Saline,4.8,Temperate,"Cow Manure, Phosphorus-based Fertilizer"
Onion,Clayey,6.3,Wet,"Urea, Phosphorus-based Fertilizer"
Potato,Saline,7.6,Temperate,"Cow Manure, DAP"
Turmeric,Saline,5.0,Moderate,"Bio-Fertilizer, Bone Meal"
Tea,Saline,5.2,Wet,"DAP, Compost"
Watermelon,Clayey,5.9,Moderate,"NPK 20:20:20, Potash"
Strawberry,Peaty,5.3,Moderate,"Organic Manure, Urea"
Barley,Peaty,6.0,Wet,"Bio-Fertilizer, DAP"
Ginger,Silty,6.2,Moderate,"Urea, Potash"
Peas,Peaty,8.4,Dry,"MOP, SSP"
Watermelon,Loamy,8.1,Wet,"DAP, Gypsum"
Groundnut,Chalky,6.3,Subtropical,"Cow Manure, MOP"
Chili,Loamy,8.3,Cool,"DAP, Cow Manure"
Cucumber,Silty,4.8,Dry,"Bio-Fertilizer, Gypsum"
Cashew,Loamy,7.4,Humid,"Bone Meal, Compost"
Maize,Peaty,6.0,Moderate,"Cow Manure, Compost"
Bottle Gourd,Loamy,8.4,Temperate,"Bone Meal, Gypsum"
Guava,Silty,6.1,Subtropical,"Bio-Fertilizer, Organic Manure"
Tomato,Clayey,6.0,Arid,"Urea, Ammonium Sulfate"
Coconut,Silty,6.6,Moderate,"Urea, Bio-Fertilizer"
Banana,Silty,8.0,Arid,"Organic Manure, NPK 20:20:20"
Cotton,Peaty,8.0,Moderate,"Compost, Bio-Fertilizer"
Carrot,Silty,7.2,Arid,"Organic Manure, SSP"
Barley,Clayey,7.0,Temperate,"Bio-Fertilizer, SSP"
Peas,Clayey,6.1,Cool,"MOP, NPK 20:20:20"
Cauliflower,Sandy,8.4,Dry,"Bio-Fertilizer, MOP"
Tomato,Clayey,4.8,Temperate,"MOP, Cow Manure"
Bitter Gourd,Saline,5.4,Dry,"Phosphorus-based Fertilizer, Cow Manure"
Onion,Saline,8.1,Warm,"MOP, Gypsum"
Coffee,Clayey,6.7,Wet,"SSP, Potash"
Spinach,Loamy,7.9,Subtropical,"Gypsum, Bio-Fertilizer"
Rice,Saline,7.0,Humid,"DAP, MOP"
Mango,Saline,5.3,Dry,"Compost, Potash"
Maize,Loamy,7.4,Wet,"Bone Meal, Organic Manure"
Strawberry,Clayey,7.7,Temperate,"Phosphorus-based Fertilizer, Compost"
Coffee,Clayey,6.3,Temperate,"Compost, MOP"
Grapes,Peaty,5.7,Warm,"NPK 20:20:20, SSP"
Cabbage,Sandy,8.2,Subtropical,"Organic Manure, NPK 20:20:20"
Pulses,Saline,7.1,Subtropical,"SSP, Organic Manure"
Bottle Gourd,Sandy,7.1,Cool,"Phosphorus-based Fertilizer, Bio-Fertilizer"
Pulses,Silty,5.7,Subtropical,"MOP, Gypsum"
Coconut,Sandy,7.8,Tropical,"Potash, Phosphorus-based Fertilizer"
Green Gram,Loamy,8.4,Tropical,"Ammonium Sulfate, Cow Manure"
Bitter Gourd,Sandy,5.1,Warm,"Cow Manure, Phosphorus-based Fertilizer"
Sunflower,Sandy,5.3,Subtropical,"Phosphorus-based Fertilizer, Organic Manure"
Bottle Gourd,Saline,6.0,Dry,"Potash, Cow Manure"
Mango,Peaty,5.7,Tropical,"Organic Manure, Potash"
Onion,Saline,5.2,Tropical,"SSP, Phosphorus-based Fertilizer"
Watermelon,Saline,8.2,Cool,"Bone Meal, Urea"
Guava,Clayey,7.2,Tropical,"Organic Manure, Bio-Fertilizer"
Mango,Silty,6.5,Warm,"NPK 20:20:20, Organic Manure"
Watermelon,Saline,7.4,Humid,"Bio-Fertilizer, Cow Manure"
Cashew,Chalky,6.7,Moderate,"Phosphorus-based Fertilizer, Gypsum"
Chili,Silty,5.0,Warm,"Phosphorus-based Fertilizer, Cow Manure"
Pulses,Clayey,4.6,Moderate,"Bio-Fertilizer, Gypsum"
Oats,Peaty,5.1,Temperate,"Organic Manure, Urea"
Jute,Chalky,5.5,Dry,"Urea, SSP"
Grapes,Saline,7.3,Humid,"DAP, Urea"
Tea,Peaty,6.9,Humid,"DAP, Urea"
Grapes,Clayey,8.1,Dry,"Cow Manure, Bio-Fertilizer"
Turmeric,Sandy,7.1,Warm,"SSP, NPK 20:20:20"
Grapes,Silty,8.2,Humid,"Bone Meal, Organic Manure"
Barley,Chalky,7.4,Subtropical,"DAP, Ammonium Sulfate"
Black Gram,Clayey,7.7,Humid,"Gypsum, Bio-Fertilizer"
Bottle Gourd,Silty,5.4,Temperate,"Gypsum, SSP"
Lentils,Clayey,7.7,Subtropical,"Organic Manure, Phosphorus-based Fertilizer"
Chickpeas,Clayey,6.3,Warm,"Bone Meal, SSP"
Wheat,Silty,5.6,Tropical,"Compost, Organic Manure"
Strawberry,Silty,5.3,Temperate,"Compost, NPK 20:20:20"
Pineapple,Loamy,4.9,Moderate,"SSP, Bio-Fertilizer"
Cabbage,Chalky,6.2,Tropical,"DAP, Ammonium Sulfate"
Soybean,Silty,6.8,Temperate,"Phosphorus-based Fertilizer, Bone Meal"
Soybean,Sandy,8.3,Temperate,"Gypsum, Organic Manure"
Garlic,Saline,6.6,Dry,"Bio-Fertilizer, Phosphorus-based Fertilizer"
Rubber,Clayey,4.7,Wet,"Compost, Phosphorus-based Fertilizer"
Pomegranate,Clayey,4.8,Warm,"Cow Manure, Gypsum"
Pumpkin,Saline,7.7,Humid,"MOP, Potash"
Watermelon,Peaty,6.0,Tropical,"Organic Manure, Potash"
Maize,Silty,5.5,Tropical,"Ammonium Sulfate, Bio-Fertilizer"
Turmeric,Sandy,5.4,Moderate,"DAP, Cow Manure"
Onion,Sandy,5.8,Tropical,"MOP, Phosphorus-based Fertilizer"
Pineapple,Loamy,7.6,Temperate,"Organic Manure, Potash"
Tomato,Saline,5.3,Wet,"NPK 20:20:20, Ammonium Sulfate"
Lychee,Silty,6.5,Arid,"Cow Manure, Compost"
Carrot,Chalky,6.1,Cool,"Cow Manure, SSP"
Pulses,Clayey,7.0,Wet,"Gypsum, MOP"
Turmeric,Loamy,8.3,Tropical,"Potash, Phosphorus-based Fertilizer"
Bottle Gourd,Peaty,5.4,Tropical,"Cow Manure, MOP"
Lentils,Loamy,7.9,Humid,"Phosphorus-based Fertilizer, Potash"
Ragi,Peaty,5.1,Dry,"Potash, Bone Meal"
Black Gram,Silty,4.7,Tropical,"MOP, Gypsum"
Banana,Peaty,4.8,Wet,"NPK 20:20:20, Urea"
Cauliflower,Silty,8.4,Humid,"DAP, Bone Meal"
Carrot,Saline,6.1,Warm,"NPK 20:20:20, Bio-Fertilizer"
Bitter Gourd,Chalky,5.9,Dry,"MOP, Bio-Fertilizer"
Lentils,Silty,5.0,Tropical,"Cow Manure, Bio-Fertilizer"
Ginger,Chalky,5.6,Humid,"DAP, Gypsum"
Ragi,Chalky,7.1,Cool,"NPK 20:20:20, SSP"
Papaya,Clayey,8.2,Moderate,"Bone Meal, Phosphorus-based Fertilizer"
Oats,Saline,7.0,Wet,"NPK 20:20:20, Cow Manure"
Chickpeas,Peaty,5.9,Warm,"MOP, Bio-Fertilizer"
Tomato,Silty,7.8,Wet,"Potash, Phosphorus-based Fertilizer"
Black Gram,Peaty,6.9,Humid,"Gypsum, Bone Meal"
Grapes,Sandy,6.6,Cool,"Organic Manure, Phosphorus-based Fertilizer"
Cashew,Sandy,7.2,Temperate,"Potash, Urea"
Muskmelon,Loamy,6.5,Moderate,"Cow Manure, Phosphorus-based Fertilizer"
Oats,Sandy,4.7,Wet,"Urea, Phosphorus-based Fertilizer"
Cauliflower,Loamy,5.1,Temperate,"Bio-Fertilizer, Cow Manure"
Pulses,Sandy,4.9,Cool,"Cow Manure, Bio-Fertilizer"
Orange,Loamy,6.1,Moderate,"Cow Manure, Gypsum"
Mango,Chalky,7.5,Arid,"SSP, Bio-Fertilizer"
Mustard,Saline,6.1,Tropical,"Compost, Bone Meal"
Lentils,Loamy,8.1,Arid,"Organic Manure, MOP"
Tomato,Clayey,7.0,Moderate,"MOP, DAP"
Ginger,Chalky,7.6,Subtropical,"NPK 20:20:20, MOP"
Turmeric,Chalky,7.3,Moderate,"Cow Manure, Bio-Fertilizer"
Bajra,Peaty,6.8,Wet,"Gypsum, Bio-Fertilizer"
Papaya,Sandy,5.3,Moderate,"Potash, Ammonium Sulfate"
Muskmelon,Peaty,5.7,Temperate,"Potash, Bio-Fertilizer"
Chickpeas,Saline,7.6,Humid,"Compost, Cow Manure"
Cauliflower,Saline,8.1,Subtropical,"SSP, MOP"
Cashew,Clayey,6.3,Wet,"Compost, MOP"
Mango,Loamy,8.2,Wet,"Ammonium Sulfate, Organic Manure"
Cashew,Saline,4.5,Tropical,"Bone Meal, Phosphorus-based Fertilizer"
Bajra,Chalky,5.2,Humid,"SSP, MOP"
Garlic,Saline,6.4,Humid,"SSP, Gypsum"
Watermelon,Sandy,7.1,Wet,"NPK 20:20:20, MOP"
Guava,Loamy,5.2,Moderate,"Cow Manure, Organic Manure"
Onion,Peaty,5.8,Moderate,"Bone Meal, DAP"
Banana,Loamy,7.1,Humid,"Phosphorus-based Fertilizer, Gypsum"
Banana,Saline,6.1,Cool,"Compost, Potash"
Peas,Sandy,5.7,Wet,"Organic Manure, MOP"
Ginger,Clayey,7.3,Cool,"Ammonium Sulfate, SSP"
Mango,Sandy,5.2,Moderate,"Compost, Bio-Fertilizer"
Cauliflower,Peaty,7.9,Arid,"SSP, Cow Manure"
Cotton,Silty,7.0,Humid,"Urea, Gypsum"
Bajra,Clayey,6.6,Temperate,"Ammonium Sulfate, Urea"
Tea,Loamy,5.1,Subtropical,"Cow Manure, Compost"
Peas,Loamy,5.7,Tropical,"Ammonium Sulfate, Potash"
Pineapple,Silty,5.2,Dry,"Ammonium Sulfate, NPK 20:20:20"
Sunflower,Saline,5.9,Arid,"Potash, MOP"
Millet,Chalky,6.3,Cool,"Phosphorus-based Fertilizer, Gypsum"
Pulses,Loamy,7.4,Temperate,"Organic Manure, Compost"
Cabbage,Peaty,7.2,Moderate,"Bio-Fertilizer, Ammonium Sulfate"
Tomato,Chalky,5.1,Tropical,"Phosphorus-based Fertilizer, Bone Meal"
Lychee,Clayey,5.9,Temperate,"Bio-Fertilizer, SSP"
Apple,Silty,7.1,Cool,"Organic Manure, Phosphorus-based Fertilizer"
Oats,Silty,8.2,Warm,"DAP, Compost"
Apple,Loamy,5.4,Wet,"Phosphorus-based Fertilizer, MOP"
Carrot,Silty,7.8,Subtropical,"Cow Manure, Organic Manure"
Black Gram,Peaty,6.0,Temperate,"SSP, Urea"
Lychee,Clayey,8.4,Humid,"Organic Manure, Potash"
Spinach,Silty,7.7,Moderate,"Cow Manure, MOP"
Carrot,Sandy,7.8,Moderate,"Ammonium Sulfate, Phosphorus-based Fertilizer"
Mustard,Silty,4.5,Dry,"SSP, Bone Meal"
Pumpkin,Silty,5.6,Arid,"Phosphorus-based Fertilizer, Potash"
Orange,Sandy,5.8,Cool,"MOP, SSP"
Lychee,Clayey,6.2,Arid,"DAP, Ammonium Sulfate"
Soybean,Loamy,5.1,Wet,"MOP, Cow Manure"
Groundnut,Clayey,6.1,Temperate,"Bio-Fertilizer, Bone Meal"
Green Gram,Clayey,7.2,Moderate,"Cow Manure, DAP"
Brinjal,Loamy,7.2,Wet,"Cow Manure, Bio-Fertilizer"
Coconut,Peaty,8.5,Tropical,"NPK 20:20:20, Phosphorus-based Fertilizer"
Pulses,Loamy,6.3,Tropical,"SSP, Urea"
Cauliflower,Chalky,6.2,Temperate,"MOP, Compost"
Wheat,Silty,5.1,Tropical,"Cow Manure, DAP"
Banana,Peaty,7.7,Cool,"Bone Meal, Urea"
Wheat,Peaty,7.8,Temperate,"Phosphorus-based Fertilizer, Bio-Fertilizer"
Spinach,Peaty,7.1,Cool,"SSP, Urea"
Rubber,Silty,7.3,Wet,"Phosphorus-based Fertilizer, Bio-Fertilizer"
Spinach,Saline,6.6,Subtropical,"Urea, Gypsum"
Sorghum,Chalky,4.9,Temperate,"Ammonium Sulfate, Compost"
Cabbage,Loamy,6.3,Arid,"NPK 20:20:20, Phosphorus-based Fertilizer"
Onion,Clayey,7.3,Arid,"Urea, SSP"
Brinjal,Sandy,5.3,Wet,"SSP, Cow Manure"
Grapes,Loamy,4.5,Subtropical,"Cow Manure, Urea"
Sunflower,Loamy,7.7,Dry,"Compost, Urea"
Maize,Clayey,6.4,Warm,"Ammonium Sulfate, NPK 20:20:20"
Pomegranate,Silty,5.4,Dry,"Potash, Urea"
Coffee,Peaty,8.0,Arid,"Potash, NPK 20:20:20"
Mustard,Clayey,4.8,Tropical,"Organic Manure, Bone Meal"
Soybean,Peaty,8.3,Humid,"NPK 20:20:20, Gypsum"
Cashew,Peaty,4.9,Warm,"Cow Manure, NPK 20:20:20"
Pigeon Pea,Chalky,5.9,Warm,"Potash, NPK 20:20:20"
Potato,Silty,5.3,Cool,"Bio-Fertilizer, Bone Meal"
Peas,Silty,6.2,Dry,"Bio-Fertilizer, Compost"
Lemon,Silty,6.5,Cool,"Ammonium Sulfate, Potash"
Bajra,Chalky,8.3,Temperate,"Potash, MOP"
Lentils,Silty,5.6,Dry,"Ammonium Sulfate, Gypsum"
Cucumber,Saline,4.7,Warm,"Potash, Ammonium Sulfate"
Millet,Peaty,6.4,Dry,"Ammonium Sulfate, DAP"
Tobacco,Clayey,7.1,Humid,"Potash, Bio-Fertilizer"
Peas,Saline,4.9,Subtropical,"MOP, Cow Manure"
Guava,Sandy,4.9,Wet,"SSP, Organic Manure"
Barley,Silty,6.5,Dry,"Compost, Cow Manure"
Maize,Sandy,8.1,Temperate,"Cow Manure, DAP"
Bitter Gourd,Peaty,6.9,Humid,"DAP, Urea"
Pomegranate,Silty,8.0,Temperate,"MOP, Ammonium Sulfate"
Papaya,Sandy,7.5,Temperate,"Compost, Urea"
Pomegranate,Chalky,5.8,Warm,"Urea, Bone Meal"
Rubber,Sandy,5.9,Wet,"Ammonium Sulfate, Bone Meal"
Green Gram,Chalky,7.9,Dry,"Bone Meal, Ammonium Sulfate"
Garlic,Sandy,6.9,Humid,"Phosphorus-based Fertilizer, Bio-Fertilizer"
Carrot,Loamy,7.0,Tropical,"NPK 20:20:20, MOP"
Sorghum,Clayey,5.0,Wet,"Organic Manure, Bio-Fertilizer"
Millet,Peaty,7.0,Humid,"Phosphorus-based Fertilizer, Cow Manure"
Sugarcane,Peaty,7.0,Dry,"NPK 20:20:20, SSP"
Cucumber,Chalky,6.9,Wet,"Bio-Fertilizer, Potash"
Spinach,Saline,6.9,Subtropical,"Organic Manure, NPK 20:20:20"
Cabbage,Silty,5.4,Dry,"Cow Manure, Ammonium Sulfate"
Tobacco,Silty,4.8,Subtropical,"Compost, Potash"
Potato,Silty,7.2,Moderate,"Compost, Potash"
Bottle Gourd,Saline,4.7,Cool,"Bio-Fertilizer, Gypsum"
Lychee,Sandy,4.6,Temperate,"Bone Meal, Potash"
Coffee,Sandy,5.3,Moderate,"Cow Manure, Urea"
Rubber,Chalky,7.0,Subtropical,"Potash, Bone Meal"
Lychee,Clayey,6.6,Temperate,"Phosphorus-based Fertilizer, NPK 20:20:20"
Rubber,Loamy,4.8,Dry,"Organic Manure, Gypsum"
Garlic,Peaty,5.3,Humid,"Potash, Cow Manure"
Grapes,Silty,8.4,Warm,"Bone Meal, SSP"
Mustard,Saline,8.1,Wet,"DAP, NPK 20:20:20"
Pineapple,Clayey,8.2,Humid,"MOP, Urea"
Pomegranate,Loamy,5.8,Moderate,"Phosphorus-based Fertilizer, Urea"
Tobacco,Chalky,5.9,Tropical,"Phosphorus-based Fertilizer, DAP"
Millet,Clayey,7.6,Wet,"SSP, Urea"
Barley,Clayey,7.5,Wet,"Organic Manure, MOP"
Pumpkin,Sandy,8.2,Arid,"Urea, Bone Meal"
Chickpeas,Loamy,8.4,Temperate,"Cow Manure, Compost"
Bajra,Saline,7.6,Warm,"Ammonium Sulfate, Potash"
Garlic,Sandy,6.2,Arid,"Urea, Organic Manure"
Cabbage,Saline,6.6,Tropical,"Compost, Urea"
Turmeric,Clayey,8.2,Subtropical,"Gypsum, Bone Meal"
Banana,Silty,5.8,Wet,"Potash, Gypsum"
Lychee,Peaty,7.6,Cool,"Bio-Fertilizer, SSP"
Cotton,Saline,7.3,Dry,"SSP, Organic Manure"
Muskmelon,Saline,8.2,Tropical,"Gypsum, Bone Meal"
Papaya,Loamy,6.1,Humid,"Compost, NPK 20:20:20"
Cabbage,Silty,4.7,Arid,"NPK 20:20:20, Ammonium Sulfate"
Tomato,Clayey,8.0,Subtropical,"Cow Manure, Ammonium Sulfate"
Groundnut,Clayey,4.8,Subtropical,"Bio-Fertilizer, Cow Manure"
Banana,Chalky,4.7,Arid,"MOP, Urea"
Maize,Sandy,7.4,Cool,"Gypsum, DAP"
Papaya,Saline,7.0,Dry,"Bio-Fertilizer, NPK 20:20:20"
Coffee,Chalky,5.8,Temperate,"Gypsum, Compost"
Maize,Clayey,7.0,Arid,"Potash, Compost"
Brinjal,Clayey,4.5,Warm,"Ammonium Sulfate, SSP"
Lemon,Peaty,5.0,Warm,"Ammonium Sulfate, NPK 20:20:20"
Soybean,Loamy,4.7,Warm,"Bio-Fertilizer, Compost"
Soybean,Sandy,5.0,Tropical,"Organic Manure, Cow Manure"
Mango,Silty,6.7,Tropical,"Ammonium Sulfate, Bio-Fertilizer"
Lentils,Chalky,4.7,Arid,"DAP, Cow Manure"
Soybean,Clayey,4.7,Temperate,"Organic Manure, Phosphorus-based Fertilizer"
Wheat,Chalky,4.8,Arid,"Gypsum, DAP"
Ginger,Silty,7.4,Warm,"NPK 20:20:20, SSP"
Rice,Sandy,8.2,Dry,"Cow Manure, MOP"
Strawberry,Clayey,8.1,Cool,"Potash, Urea"
Pineapple,Loamy,8.1,Wet,"Gypsum, Potash"
Mustard,Clayey,7.0,Arid,"Cow Manure, Phosphorus-based Fertilizer"
Peas,Saline,4.7,Temperate,"Organic Manure, Bone Meal"
Lemon,Clayey,4.8,Dry,"NPK 20:20:20, Phosphorus-based Fertilizer"
Papaya,Sandy,7.9,Humid,"Urea, Bone Meal"
Chili,Silty,7.7,Wet,"Bone Meal, Compost"
Rubber,Loamy,6.8,Tropical,"Bio-Fertilizer, MOP"
Muskmelon,Loamy,5.4,Moderate,"Potash, Ammonium Sulfate"
Carrot,Chalky,8.3,Arid,"DAP, Gypsum"
Rice,Loamy,7.9,Moderate,"Ammonium Sulfate, Organic Manure"
Muskmelon,Peaty,5.6,Humid,"MOP, Cow Manure"
Strawberry,Clayey,5.1,Dry,"Compost, SSP"
Coffee,Clayey,8.2,Subtropical,"Potash, Gypsum"
Coffee,Silty,5.1,Humid,"Ammonium Sulfate, Cow Manure"
Lychee,Peaty,6.5,Humid,"Bone Meal, Ammonium Sulfate"
Green Gram,Silty,4.7,Subtropical,"Potash, Gypsum"
Spinach,Chalky,5.7,Temperate,"Potash, Cow Manure"
Grapes,Saline,6.0,Dry,"Bio-Fertilizer, SSP"
Apple,Sandy,5.4,Arid,"Urea, DAP"
Lentils,Chalky,6.2,Warm,"MOP, Bio-Fertilizer"
Lychee,Sandy,7.9,Cool,"MOP, Organic Manure"
Millet,Chalky,5.2,Subtropical,"Urea, Compost"
Apple,Loamy,5.3,Subtropical,"DAP, Urea"
Brinjal,Loamy,7.3,Temperate,"Cow Manure, Urea"
Banana,Chalky,7.8,Moderate,"Potash, DAP"
Sugarcane,Peaty,6.8,Humid,"Organic Manure, NPK 20:20:20"
Tomato,Sandy,5.5,Subtropical,"Cow Manure, SSP"
Lentils,Sandy,4.8,Cool,"Bio-Fertilizer, NPK 20:20:20"
Wheat,Chalky,6.4,Moderate,"Potash, Ammonium Sulfate"
Peas,Saline,7.4,Dry,"NPK 20:20:20, Bio-Fertilizer"
Garlic,Loamy,4.9,Cool,"Ammonium Sulfate, Potash"
Strawberry,Peaty,5.8,Humid,"SSP, Ammonium Sulfate"
Chili,Sandy,5.4,Wet,"MOP, Compost"
Bajra,Chalky,8.0,Warm,"Bio-Fertilizer, DAP"
Mango,Peaty,6.5,Tropical,"NPK 20:20:20, Potash"
Wheat,Silty,4.7,Warm,"MOP, NPK 20:20:20"
Tobacco,Clayey,6.2,Wet,"Bone Meal, NPK 20:20:20"
Sunflower,Chalky,6.4,Humid,"Potash, Cow Manure"
Cabbage,Silty,5.2,Cool,"Potash, SSP"
Rubber,Peaty,6.2,Tropical,"Gypsum, NPK 20:20:20"
Ragi,Peaty,7.1,Temperate,"Gypsum, Bone Meal"
Cashew,Clayey,6.1,Temperate,"Phosphorus-based Fertilizer, Gypsum"
Oats,Saline,7.1,Arid,"Ammonium Sulfate, SSP"
Orange,Loamy,6.0,Wet,"Bio-Fertilizer, MOP"
Carrot,Saline,4.6,Dry,"SSP, DAP"
Coffee,Peaty,4.5,Humid,"Gypsum, Bone Meal"
Peas,Chalky,7.4,Tropical,"Organic Manure, SSP"
Rubber,Chalky,5.1,Moderate,"NPK 20:20:20, Compost"
Ginger,Chalky,8.2,Arid,"DAP, Phosphorus-based Fertilizer"
Watermelon,Chalky,8.0,Moderate,"Ammonium Sulfate, Bone Meal"
Muskmelon,Chalky,7.2,Dry,"Ammonium Sulfate, Potash"
Garlic,Saline,8.3,Humid,"Potash, NPK 20:20:20"
Lentils,Saline,8.0,Temperate,"NPK 20:20:20, Bone Meal"
Brinjal,Chalky,7.9,Wet,"Potash, Compost"
Rice,Clayey,5.2,Cool,"SSP, MOP"
Rubber,Loamy,6.1,Wet,"Phosphorus-based Fertilizer, SSP"
Guava,Chalky,6.9,Cool,"SSP, Phosphorus-based Fertilizer"
Brinjal,Chalky,6.8,Dry,"DAP, NPK 20:20:20"
Grapes,Sandy,6.9,Dry,"Cow Manure, Urea"
Papaya,Chalky,6.2,Wet,"Potash, MOP"
Apple,Clayey,5.0,Tropical,"SSP, Gypsum"
Ragi,Silty,7.5,Arid,"NPK 20:20:20, Urea"
Rubber,Sandy,8.0,Temperate,"Organic Manure, MOP"
Chili,Peaty,7.1,Subtropical,"Compost, Organic Manure"
Pumpkin,Peaty,6.5,Cool,"Potash, DAP"
Lychee,Clayey,6.1,Dry,"Ammonium Sulfate, Potash"
Banana,Chalky,6.4,Dry,"Ammonium Sulfate, Bone Meal"
Lychee,Chalky,4.7,Subtropical,"Gypsum, DAP"
Sugarcane,Clayey,6.3,Subtropical,"Bone Meal, DAP"
Green Gram,Sandy,7.6,Wet,"SSP, MOP"
Ragi,Sandy,4.6,Subtropical,"Phosphorus-based Fertilizer, Urea"
Pumpkin,Peaty,4.8,Arid,"Potash, Ammonium Sulfate"
Papaya,Clayey,8.3,Humid,"Bone Meal, Organic Manure"
Lemon,Clayey,7.2,Moderate,"Cow Manure, Organic Manure"
Bitter Gourd,Clayey,4.9,Dry,"Compost, Gypsum"
Oats,Saline,7.7,Temperate,"Cow Manure, Ammonium Sulfate"
Sorghum,Peaty,8.5,Arid,"Organic Manure, NPK 20:20:20"
Onion,Sandy,4.9,Temperate,"MOP, Gypsum"
Spinach,Silty,4.8,Temperate,"Cow Manure, Bio-Fertilizer"
Cauliflower,Peaty,8.2,Arid,"Urea, Gypsum"
Barley,Silty,8.4,Subtropical,"Compost, Gypsum"
Mango,Peaty,8.2,Temperate,"Gypsum, Potash"
Pigeon Pea,Saline,7.3,Dry,"Organic Manure, Cow Manure"
Pigeon Pea,Chalky,4.8,Subtropical,"Cow Manure, Gypsum"
Strawberry,Chalky,7.3,Humid,"Gypsum, Bio-Fertilizer"
Tea,Clayey,7.7,Subtropical,"Urea, Gypsum"
Watermelon,Silty,6.2,Arid,"Urea, Compost"
Ginger,Loamy,6.3,Cool,"Gypsum, SSP"
Potato,Saline,7.2,Temperate,"Bio-Fertilizer, Phosphorus-based Fertilizer"
Pineapple,Peaty,7.6,Cool,"Compost, DAP"
Peas,Peaty,6.9,Temperate,"MOP, NPK 20:20:20"
Bitter Gourd,Loamy,8.1,Tropical,"Bone Meal, Bio-Fertilizer"
Lemon,Loamy,6.2,Temperate,"Potash, NPK 20:20:20"
Chickpeas,Loamy,7.7,Dry,"Bone Meal, NPK 20:20:20"
Cabbage,Loamy,7.0,Temperate,"Organic Manure, MOP"
Onion,Peaty,4.8,Cool,"Cow Manure, Bio-Fertilizer"
Watermelon,Chalky,4.6,Temperate,"Phosphorus-based Fertilizer, Urea"
Lemon,Peaty,6.7,Cool,"Cow Manure, NPK 20:20:20"
Millet,Sandy,7.2,Tropical,"DAP, Gypsum"
Garlic,Chalky,4.5,Moderate,"Organic Manure, Gypsum"
Rice,Peaty,5.6,Tropical,"Gypsum, Ammonium Sulfate"
Barley,Saline,7.9,Tropical,"Urea, Ammonium Sulfate"
Cotton,Silty,7.6,Cool,"Cow Manure, NPK 20:20:20"
Coconut,Sandy,6.7,Warm,"Urea, Bio-Fertilizer"
Banana,Clayey,6.2,Arid,"NPK 20:20:20, Cow Manure"
Groundnut,Peaty,6.5,Dry,"Urea, Gypsum"
Jute,Chalky,6.3,Warm,"DAP, Organic Manure"
Sugarcane,Loamy,8.2,Subtropical,"Urea, SSP"
Sorghum,Saline,5.8,Subtropical,"Organic Manure, Gypsum"
Cabbage,Peaty,6.7,Moderate,"Potash, Ammonium Sulfate"
Chickpeas,Clayey,7.4,Arid,"Bone Meal, SSP"
Groundnut,Peaty,5.7,Moderate,"Gypsum, NPK 20:20:20"
Bajra,Loamy,7.3,Wet,"Compost, Cow Manure"
Rubber,Loamy,7.7,Temperate,"Bio-Fertilizer, Phosphorus-based Fertilizer"
Bajra,Silty,7.1,Tropical,"Organic Manure, Compost"
Turmeric,Silty,7.8,Warm,"Bio-Fertilizer, Organic Manure"
Soybean,Peaty,8.2,Warm,"Gypsum, Compost"
Black Gram,Chalky,8.5,Dry,"DAP, Compost"
Sorghum,Saline,7.3,Subtropical,"Potash, Ammonium Sulfate"
Cashew,Silty,6.9,Subtropical,"MOP, SSP"
Rice,Peaty,6.6,Subtropical,"Ammonium Sulfate, Gypsum"
Soybean,Sandy,4.6,Temperate,"Gypsum, Organic Manure"
Cashew,Silty,8.1,Temperate,"Phosphorus-based Fertilizer, DAP"
Grapes,Sandy,7.4,Wet,"Bio-Fertilizer, SSP"
Wheat,Peaty,4.9,Dry,"Organic Manure, SSP"
Pigeon Pea,Loamy,8.0,Dry,"Cow Manure, Organic Manure"
Rubber,Sandy,6.5,Humid,"Potash, Urea"
Papaya,Silty,5.7,Tropical,"Urea, DAP"
Coconut,Clayey,6.7,Dry,"Phosphorus-based Fertilizer, Compost"
Cotton,Chalky,7.3,Wet,"Cow Manure, Ammonium Sulfate"
Wheat,Sandy,7.5,Warm,"Ammonium Sulfate, Bio-Fertilizer"
Spinach,Peaty,5.5,Cool,"Cow Manure, Potash"
Wheat,Silty,7.3,Humid,"DAP, Potash"
Bottle Gourd,Saline,7.7,Warm,"DAP, SSP"
Cashew,Peaty,5.1,Cool,"DAP, Phosphorus-based Fertilizer"
Cotton,Saline,5.3,Warm,"Cow Manure, Gypsum"
Lentils,Silty,8.5,Subtropical,"Compost, Phosphorus-based Fertilizer"
Ginger,Silty,7.6,Cool,"Ammonium Sulfate, MOP"
Cashew,Silty,4.8,Moderate,"Compost, Potash"
Peas,Peaty,4.9,Temperate,"Bone Meal, Gypsum"
Mango,Clayey,6.6,Warm,"Bone Meal, Phosphorus-based Fertilizer"
Mustard,Saline,7.0,Dry,"Potash, Organic Manure"
Sorghum,Loamy,7.8,Humid,"DAP, Phosphorus-based Fertilizer"
Coffee,Silty,7.7,Moderate,"Bio-Fertilizer, Potash"
Lychee,Loamy,8.4,Dry,"Phosphorus-based Fertilizer, NPK 20:20:20"
Pomegranate,Peaty,7.0,Humid,"MOP, SSP"
Jute,Clayey,6.5,Moderate,"Cow Manure, Bio-Fertilizer"
Muskmelon,Sandy,5.3,Temperate,"Urea, Organic Manure"
Guava,Sandy,8.4,Tropical,"Urea, NPK 20:20:20"
Soybean,Clayey,8.4,Arid,"Potash, MOP"
Orange,Silty,4.9,Cool,"Urea, Ammonium Sulfate"
Mustard,Loamy,4.7,Wet,"Urea, Bio-Fertilizer"
Wheat,Loamy,4.9,Temperate,"DAP, Potash"
Bottle Gourd,Loamy,8.1,Humid,"Phosphorus-based Fertilizer, Cow Manure"
Cucumber,Clayey,6.7,Dry,"Phosphorus-based Fertilizer, NPK 20:20:20"
Turmeric,Peaty,7.8,Dry,"Ammonium Sulfate, Gypsum"
